{"cameraMode":{"drawMode":0,"name":"Shaded","section":"Shading Mode"},"sceneLighting":true,"audioPlay":false,"sceneViewState":{"showFog":true,"showMaterialUpdate":true,"showSkybox":true,"showFlares":true,"showImageEffects":true,"showParticleSystems":true},"in2DMode":false,"pivot":{"x":107.96774291992188,"y":-19.99924659729004,"z":-163.01336669921876},"rotation":{"x":0.2084902822971344,"y":0.3706916272640228,"z":-0.08578172326087952,"w":0.9009992480278015},"size":96.01434326171875,"orthographic":false}