{"cameraMode":{"drawMode":0,"name":"Shaded","section":"Shading Mode"},"sceneLighting":true,"audioPlay":false,"sceneViewState":{"showFog":true,"showMaterialUpdate":false,"showSkybox":true,"showFlares":true,"showImageEffects":true,"showParticleSystems":true},"in2DMode":false,"pivot":{"x":123.74623107910156,"y":-32.79668426513672,"z":38.95673751831055},"rotation":{"x":-0.4113670587539673,"y":0.1564975082874298,"z":-0.07192645967006684,"w":-0.8950513601303101},"size":84.31964111328125,"orthographic":false}